{"emberek":[{"vezeteknev":"Benke","keresztnev":"Szabolcs","diak":true},{"vezeteknev":"Teigler","keresztnev":"Tibor","diak":true},{"vezeteknev":"Kov\u00e1cs","keresztnev":"Attila R\u00f3bert","diak":false},{"vezeteknev":"Kiss","keresztnev":"Attila","diak":true},{"vezeteknev":"F\u00f3rizs","keresztnev":"P\u00e9ter (Zsvel mint a rizs :D)","diak":true},{"vezeteknev":"Kakukk","keresztnev":"Fioka"},{"vezeteknev":"Ungv\u00e1ri","keresztnev":"Zsolt","diak":true},{"vezeteknev":"Kov\u00e1cs","keresztnev":"P\u00e9ter","diak":true},{"vezeteknev":"Kiss","keresztnev":"G\u00e9za","diak":true},{"vezeteknev":"asdads","keresztnev":"asdasd","diak":false}]}